0	13116937004	47.370018	8.542492	http://farm4.staticflickr.com/3704/13116937004_ae54a1a633_z.jpg
1	13116788763	47.365033	8.537932	http://farm4.staticflickr.com/3728/13116788763_ea694391be_z.jpg
2	13089105584	47.377967	8.539874	http://farm8.staticflickr.com/7427/13089105584_234105b663_z.jpg
3	12992364344	47.378141	8.54187	http://farm8.staticflickr.com/7383/12992364344_48b4a6d336_z.jpg
4	12950223324	47.378763	8.539747	http://farm8.staticflickr.com/7445/12950223324_57ff759b3a_z.jpg
5	12950301264	47.378969	8.540361	http://farm8.staticflickr.com/7300/12950301264_64f04d9823_z.jpg
6	12949708695	47.378808	8.539561	http://farm8.staticflickr.com/7454/12949708695_c9857609d0_z.jpg
7	12950006493	47.378833	8.540244	http://farm8.staticflickr.com/7434/12950006493_8c63d86f28_z.jpg
8	12838947834	47.36865	8.539183	http://farm4.staticflickr.com/3676/12838947834_23a9227953_z.jpg
9	12820101753	47.366864	8.542943	http://farm4.staticflickr.com/3698/12820101753_18403ba99a_z.jpg
10	12790311474	47.369306	8.536398	http://farm3.staticflickr.com/2887/12790311474_d108d1b4d4_z.jpg
11	12758541164	47.373011	8.541161	http://farm8.staticflickr.com/7348/12758541164_bf83b7de9b_z.jpg
12	12705042103	47.378655	8.536488	http://farm8.staticflickr.com/7360/12705042103_ea8b31c5f8_z.jpg
13	12676684955	47.374365	8.539389	http://farm4.staticflickr.com/3765/12676684955_ecbc6592d9_z.jpg
14	12599042155	47.36932	8.541601	http://farm8.staticflickr.com/7423/12599042155_1f5da2f25c_z.jpg
15	12505062135	47.37461	8.538737	http://farm4.staticflickr.com/3706/12505062135_0368894f59_z.jpg
16	12454393614	47.373666	8.53	http://farm4.staticflickr.com/3686/12454393614_bdcd25ec29_z.jpg
17	12430111313	47.370166	8.534	http://farm8.staticflickr.com/7402/12430111313_9cd4499978_z.jpg
18	12430438814	47.369666	8.534666	http://farm8.staticflickr.com/7454/12430438814_e4886dd893_z.jpg
19	12430444744	47.3705	8.533	http://farm4.staticflickr.com/3730/12430444744_acffcfe3b3_z.jpg
20	12430448624	47.371166	8.531	http://farm6.staticflickr.com/5488/12430448624_d00520d473_z.jpg
21	12430100283	47.368833	8.537333	http://farm4.staticflickr.com/3707/12430100283_e8f161a177_z.jpg
22	12414063504	47.366833	8.544	http://farm8.staticflickr.com/7455/12414063504_cbaff8fb88_z.jpg
23	12413747163	47.367	8.543333	http://farm8.staticflickr.com/7351/12413747163_eafd96ab8f_z.jpg
24	12413769973	47.367666	8.539	http://farm8.staticflickr.com/7336/12413769973_2de57276a3_z.jpg
25	12413744353	47.367	8.543333	http://farm6.staticflickr.com/5517/12413744353_44876d4642_z.jpg
26	12413630815	47.3675	8.538666	http://farm3.staticflickr.com/2881/12413630815_72837dafa0_z.jpg
27	12414104744	47.367	8.540333	http://farm3.staticflickr.com/2858/12414104744_41ab6289c5_z.jpg
28	12413729573	47.366833	8.543833	http://farm4.staticflickr.com/3690/12413729573_f35593e36a_z.jpg
29	12413750003	47.367	8.543333	http://farm4.staticflickr.com/3792/12413750003_4ce9a14083_z.jpg
30	12413822524	47.377447	8.539694	http://farm8.staticflickr.com/7317/12413822524_e7bcb13a79_z.jpg
31	12389402495	47.373852	8.543654	http://farm3.staticflickr.com/2890/12389402495_43ec0aeda3_z.jpg
32	12379450165	47.366833	8.544166	http://farm8.staticflickr.com/7444/12379450165_41e79c8f47_z.jpg
33	12306624825	47.374333	8.542833	http://farm4.staticflickr.com/3763/12306624825_40a2f974fb_z.jpg
34	12242990805	47.374942	8.539174	http://farm4.staticflickr.com/3790/12242990805_c2d1c4a530_z.jpg
35	12243001015	47.37308	8.539492	http://farm3.staticflickr.com/2809/12243001015_11b2fdaa62_z.jpg
36	12243423614	47.374942	8.539174	http://farm4.staticflickr.com/3756/12243423614_e5da02a271_z.jpg
37	12243431294	47.37308	8.539492	http://farm8.staticflickr.com/7365/12243431294_3eafe8466d_z.jpg
38	13017332864	47.377605	8.541761	http://farm4.staticflickr.com/3815/13017332864_d7584e219d_z.jpg
39	12949727895	47.378666	8.540222	http://farm4.staticflickr.com/3675/12949727895_4409e6bfb8_z.jpg
40	12228143314	47.37044	8.548227	http://farm4.staticflickr.com/3767/12228143314_e2a4170342_z.jpg
41	12227927343	47.37044	8.548227	http://farm8.staticflickr.com/7327/12227927343_01ebe6c28b_z.jpg
42	12188638816	47.371893	8.543833	http://farm8.staticflickr.com/7336/12188638816_bbf8aba55b_z.jpg
43	12188018015	47.371893	8.543833	http://farm4.staticflickr.com/3722/12188018015_a62dec64ca_z.jpg
44	12155085893	47.36865	8.539183	http://farm8.staticflickr.com/7336/12155085893_166c87a994_z.jpg
45	12115250464	47.36865	8.539183	http://farm3.staticflickr.com/2816/12115250464_d5c3364212_z.jpg
46	12053822813	47.371766	8.542244	http://farm4.staticflickr.com/3798/12053822813_dc60a5545e_z.jpg
47	12027684466	47.376997	8.54388	http://farm8.staticflickr.com/7427/12027684466_7a54916232_z.jpg
48	11909789704	47.376847	8.546386	http://farm4.staticflickr.com/3691/11909789704_6469e00e99_z.jpg
49	11886462314	47.372358	8.540142	http://farm3.staticflickr.com/2845/11886462314_f4a4d25b22_z.jpg
50	11805573076	47.370386	8.533202	http://farm4.staticflickr.com/3755/11805573076_4401c6ff12_z.jpg
51	11801433176	47.366372	8.541127	http://farm8.staticflickr.com/7344/11801433176_6c85bb5366_z.jpg
52	11777140035	47.370011	8.53495	http://farm6.staticflickr.com/5498/11777140035_53bdc9aab5_z.jpg
53	11771575343	47.366372	8.541127	http://farm4.staticflickr.com/3709/11771575343_7268edc518_z.jpg
54	11732850625	47.369541	8.538786	http://farm6.staticflickr.com/5497/11732850625_2ab2c90f16_z.jpg
55	11726680213	47.366372	8.541127	http://farm3.staticflickr.com/2823/11726680213_d33a5f18ec_z.jpg
56	11704375965	47.372313	8.538327	http://farm3.staticflickr.com/2889/11704375965_f18290de1c_z.jpg
57	11551263335	47.372166	8.540175	http://farm3.staticflickr.com/2818/11551263335_fbcd6e9dbe_z.jpg
58	11551308994	47.373675	8.529933	http://farm8.staticflickr.com/7345/11551308994_ecb5414c89_z.jpg
59	11551465323	47.365966	8.540197	http://farm4.staticflickr.com/3832/11551465323_de6124e1c3_z.jpg
60	11511683085	47.378058	8.537005	http://farm8.staticflickr.com/7435/11511683085_10ec0f3f39_z.jpg
61	11503698613	47.377166	8.544666	http://farm3.staticflickr.com/2841/11503698613_9dc0aa5982_z.jpg
62	11426425843	47.376838	8.538169	http://farm6.staticflickr.com/5547/11426425843_e822a1e440_z.jpg
63	11387740875	47.37134	8.5407	http://farm3.staticflickr.com/2884/11387740875_430c690531_z.jpg
64	11267643173	47.375483	8.539166	http://farm4.staticflickr.com/3738/11267643173_b46b0870a8_z.jpg
65	11264837003	47.369161	8.544427	http://farm4.staticflickr.com/3669/11264837003_4f36c4f12d_z.jpg
66	11254357823	47.375483	8.539166	http://farm4.staticflickr.com/3766/11254357823_76912fba86_z.jpg
67	11175064246	47.367136	8.544927	http://farm8.staticflickr.com/7397/11175064246_ca5630868b_z.jpg
68	11147760735	47.367136	8.544927	http://farm8.staticflickr.com/7408/11147760735_b7ae359e62_z.jpg
69	11098040414	47.366037	8.540797	http://farm8.staticflickr.com/7341/11098040414_513a7e620a_z.jpg
70	11082618586	47.370808	8.543275	http://farm8.staticflickr.com/7293/11082618586_4c98be2808_z.jpg
71	11082618146	47.370438	8.542997	http://farm4.staticflickr.com/3737/11082618146_c208c3045d_z.jpg
72	11038721374	47.378127	8.53908	http://farm4.staticflickr.com/3799/11038721374_2b7e02c860_z.jpg
73	11035527724	47.369813	8.543044	http://farm8.staticflickr.com/7430/11035527724_704f8f29b5_z.jpg
74	10891136704	47.375714	8.539112	http://farm4.staticflickr.com/3685/10891136704_6b29b8f9cc_z.jpg
75	10860984053	47.366865	8.542943	http://farm6.staticflickr.com/5513/10860984053_fb1ea40834_z.jpg
76	10851624614	47.371052	8.531608	http://farm8.staticflickr.com/7298/10851624614_752109e304_z.jpg
77	10820429474	47.369797	8.539372	http://farm4.staticflickr.com/3687/10820429474_4719fd3cc2_z.jpg
78	10820266895	47.368311	8.543522	http://farm3.staticflickr.com/2888/10820266895_cb1121f1b0_z.jpg
79	10820275046	47.368133	8.543625	http://farm4.staticflickr.com/3719/10820275046_bdd3bc2fc3_z.jpg
80	10820420984	47.369172	8.539572	http://farm4.staticflickr.com/3813/10820420984_c9e89beafd_z.jpg
81	10820464444	47.367847	8.543997	http://farm3.staticflickr.com/2875/10820464444_c2d769bd12_z.jpg
82	10820321205	47.367991	8.543777	http://farm8.staticflickr.com/7433/10820321205_4410e5671a_z.jpg
83	10820286636	47.368394	8.543536	http://farm8.staticflickr.com/7347/10820286636_ece9b6a7fa_z.jpg
84	10820300246	47.366705	8.541619	http://farm3.staticflickr.com/2811/10820300246_2679953a97_z.jpg
85	10820287925	47.370138	8.539022	http://farm3.staticflickr.com/2892/10820287925_d3c1027e7f_z.jpg
86	10820542093	47.367905	8.543788	http://farm4.staticflickr.com/3666/10820542093_a8e902ddd9_z.jpg
87	10820303386	47.3679	8.541177	http://farm4.staticflickr.com/3668/10820303386_c516ba1ea0_z.jpg
88	10820318756	47.369613	8.539383	http://farm3.staticflickr.com/2806/10820318756_195d404343_z.jpg
89	10807624415	47.371161	8.540819	http://farm8.staticflickr.com/7409/10807624415_d0ffd3a5e7_z.jpg
90	10882941385	47.367642	8.538318	http://farm3.staticflickr.com/2867/10882941385_52675bee98_z.jpg
91	10732646923	47.372594	8.542711	http://farm3.staticflickr.com/2812/10732646923_db6303b7d7_z.jpg
92	10729513633	47.373011	8.541383	http://farm4.staticflickr.com/3791/10729513633_f99368a2b4_z.jpg
93	10651117944	47.370016	8.543563	http://farm4.staticflickr.com/3706/10651117944_294e5d862d_z.jpg
94	10611464613	47.377463	8.542933	http://farm8.staticflickr.com/7412/10611464613_4062c4a399_z.jpg
95	10585356926	47.371462	8.541483	http://farm3.staticflickr.com/2876/10585356926_67ed4f38e4_z.jpg
96	10585384224	47.371462	8.541483	http://farm4.staticflickr.com/3703/10585384224_3cbbc89242_z.jpg
97	10535253535	47.373375	8.542888	http://farm3.staticflickr.com/2821/10535253535_9a83e9ced4_z.jpg
98	10535261796	47.372794	8.542836	http://farm3.staticflickr.com/2852/10535261796_ef025ac24b_z.jpg
99	10513801104	47.370144	8.543719	http://farm8.staticflickr.com/7419/10513801104_a1d1fde2bb_z.jpg
100	10512591785	47.370125	8.543738	http://farm8.staticflickr.com/7309/10512591785_8260ee6ee1_z.jpg
101	10406526824	47.377666	8.540833	http://farm3.staticflickr.com/2833/10406526824_911204aecb_z.jpg
102	10352308926	47.372554	8.540078	http://farm8.staticflickr.com/7354/10352308926_2bdea3c496_z.jpg
103	10334222283	47.367209	8.546978	http://farm6.staticflickr.com/5529/10334222283_4047f5d152_z.jpg
104	10311271424	47.376248	8.548033	http://farm6.staticflickr.com/5527/10311271424_f55d1d0dd0_z.jpg
105	10294221185	47.367594	8.540227	http://farm8.staticflickr.com/7453/10294221185_c0b4b58d77_z.jpg
106	10288800774	47.373811	8.538308	http://farm4.staticflickr.com/3701/10288800774_f0343cecfa_z.jpg
107	10273042075	47.367594	8.540227	http://farm4.staticflickr.com/3665/10273042075_ca6b691f76_z.jpg
108	10264027963	47.37023	8.53967	http://farm8.staticflickr.com/7383/10264027963_ea226453b1_z.jpg
109	10248648786	47.367594	8.540227	http://farm8.staticflickr.com/7396/10248648786_6d3fb655c1_z.jpg
110	10208325895	47.373094	8.540943	http://farm9.staticflickr.com/8125/10208325895_5995fb3cbd_z.jpg
111	10204113635	47.366694	8.540205	http://farm6.staticflickr.com/5450/10204113635_a7a1afac23_z.jpg
112	10153219846	47.377531	8.541655	http://farm4.staticflickr.com/3752/10153219846_0356c65eab_z.jpg
113	10124704454	47.3708	8.545147	http://farm6.staticflickr.com/5327/10124704454_16828c42a0_z.jpg
114	10081695675	47.371094	8.538802	http://farm6.staticflickr.com/5480/10081695675_dc7547046a_z.jpg
115	10072340654	47.371094	8.538802	http://farm8.staticflickr.com/7299/10072340654_e47f1e7c36_z.jpg
116	10042146913	47.375555	8.5429	http://farm4.staticflickr.com/3788/10042146913_46dc55170a_z.jpg
117	10034721704	47.376619	8.539736	http://farm4.staticflickr.com/3725/10034721704_4c236cba01_z.jpg
118	10015869006	47.376619	8.539736	http://farm8.staticflickr.com/7424/10015869006_4eb3b7ffc1_z.jpg
119	10003724114	47.376441	8.534638	http://farm8.staticflickr.com/7401/10003724114_db50afe89e_z.jpg
120	9982693205	47.374029	8.541828	http://farm8.staticflickr.com/7399/9982693205_661bcf34e6_z.jpg
121	9969210885	47.370105	8.541097	http://farm3.staticflickr.com/2843/9969210885_bd3bf1e796_z.jpg
122	9969212545	47.373012	8.541226	http://farm3.staticflickr.com/2834/9969212545_ac467d7bee_z.jpg
123	9969344363	47.370105	8.541097	http://farm6.staticflickr.com/5321/9969344363_992f536cb4_z.jpg
124	9962068836	47.36996	8.5429	http://farm8.staticflickr.com/7383/9962068836_55bd713e4c_z.jpg
125	9946925896	47.372618	8.539971	http://farm6.staticflickr.com/5545/9946925896_91f7db82c1_z.jpg
126	9870487335	47.372994	8.533122	http://farm8.staticflickr.com/7410/9870487335_6a59d05d62_z.jpg
127	9861124905	47.37043	8.539563	http://farm4.staticflickr.com/3688/9861124905_a6d286258f_z.jpg
128	9861503144	47.372061	8.541963	http://farm4.staticflickr.com/3728/9861503144_aab8757ae1_z.jpg
129	9840257165	47.377894	8.539552	http://farm3.staticflickr.com/2851/9840257165_bfa1bbaa7e_z.jpg
130	9838223856	47.374344	8.535488	http://farm4.staticflickr.com/3753/9838223856_af42b4ee8c_z.jpg
131	9821728996	47.377013	8.546802	http://farm6.staticflickr.com/5344/9821728996_1d55f7ec44_z.jpg
132	9806396265	47.37695	8.540733	http://farm6.staticflickr.com/5348/9806396265_ac69aa155d_z.jpg
133	9806414345	47.369668	8.539058	http://farm6.staticflickr.com/5321/9806414345_50d6c99251_z.jpg
134	9806448876	47.369735	8.539091	http://farm6.staticflickr.com/5508/9806448876_c4355dc838_z.jpg
135	9806473273	47.376949	8.541011	http://farm8.staticflickr.com/7436/9806473273_20b8e091d2_z.jpg
136	9786809722	47.376138	8.534052	http://farm3.staticflickr.com/2822/9786809722_27b76789e9_z.jpg
137	9785179753	47.369833	8.5395	http://farm3.staticflickr.com/2863/9785179753_29a3440ec0_z.jpg
138	9776117136	47.37833	8.537728	http://farm4.staticflickr.com/3832/9776117136_a8f34e40cb_z.jpg
139	9762837583	47.374372	8.542302	http://farm3.staticflickr.com/2821/9762837583_8009971bc0_z.jpg
140	9735028925	47.372678	8.541463	http://farm8.staticflickr.com/7303/9735028925_c09e40423b_z.jpg
141	9738269390	47.372489	8.538353	http://farm8.staticflickr.com/7342/9738269390_40cf0704f8_z.jpg
142	9735025311	47.37246	8.541314	http://farm8.staticflickr.com/7459/9735025311_5eae093c00_z.jpg
143	9735028173	47.371603	8.540863	http://farm8.staticflickr.com/7399/9735028173_538eb918b9_z.jpg
144	9738265154	47.37169	8.540561	http://farm8.staticflickr.com/7331/9738265154_c8ab4c0a36_z.jpg
145	9738267282	47.371922	8.539295	http://farm8.staticflickr.com/7436/9738267282_355d06bc9f_z.jpg
146	9738271838	47.372374	8.542858	http://farm8.staticflickr.com/7287/9738271838_c01868c33d_z.jpg
147	9719346208	47.370134	8.541183	http://farm6.staticflickr.com/5543/9719346208_be2a18f61a_z.jpg
148	9707915251	47.37833	8.539745	http://farm6.staticflickr.com/5493/9707915251_95e26cce69_z.jpg
149	9711157054	47.378315	8.539745	http://farm4.staticflickr.com/3732/9711157054_0a1c29fb58_z.jpg
150	9711154140	47.378344	8.539745	http://farm3.staticflickr.com/2862/9711154140_46b6cebd32_z.jpg
151	9710636614	47.372779	8.540754	http://farm6.staticflickr.com/5482/9710636614_3aae40f35c_z.jpg
152	9710637508	47.37275	8.540797	http://farm6.staticflickr.com/5543/9710637508_92c0bc472a_z.jpg
153	9697402173	47.366923	8.540818	http://farm3.staticflickr.com/2887/9697402173_a0e627dc71_z.jpg
154	9700640726	47.366923	8.540883	http://farm8.staticflickr.com/7449/9700640726_e56caeff78_z.jpg
155	9700643020	47.366734	8.54114	http://farm3.staticflickr.com/2822/9700643020_988e7108ab_z.jpg
156	9664867151	47.37055	8.534432	http://farm3.staticflickr.com/2885/9664867151_296a21490f_z.jpg
157	9668096370	47.37055	8.534432	http://farm6.staticflickr.com/5337/9668096370_9d270375f7_z.jpg
158	9664867719	47.37055	8.534432	http://farm4.staticflickr.com/3745/9664867719_d611f893e6_z.jpg
159	9664868475	47.37055	8.534432	http://farm4.staticflickr.com/3678/9664868475_baa6c5ecb1_z.jpg
160	9664369273	47.376711	8.546341	http://farm6.staticflickr.com/5541/9664369273_45580d87ef_z.jpg
161	9667598896	47.376152	8.54661	http://farm4.staticflickr.com/3727/9667598896_2c3b84b6e6_z.jpg
162	9667593288	47.373013	8.541417	http://farm6.staticflickr.com/5482/9667593288_333d9b47e1_z.jpg
163	9664364113	47.377358	8.539067	http://farm4.staticflickr.com/3776/9664364113_40e6053ac4_z.jpg
164	9667592948	47.373013	8.541417	http://farm6.staticflickr.com/5497/9667592948_c8acc77382_z.jpg
165	9667597432	47.376711	8.546341	http://farm8.staticflickr.com/7413/9667597432_9f56ffef4a_z.jpg
166	9664378509	47.370165	8.543884	http://farm8.staticflickr.com/7460/9664378509_ff78de36c7_z.jpg
167	9664375081	47.3697	8.543123	http://farm8.staticflickr.com/7323/9664375081_1c47ecaea7_z.jpg
168	9664027275	47.366574	8.544509	http://farm8.staticflickr.com/7293/9664027275_5061568132_z.jpg
169	9667433126	47.369277	8.544466	http://farm8.staticflickr.com/7287/9667433126_a15e0444dd_z.jpg
170	9667209454	47.366952	8.543114	http://farm6.staticflickr.com/5477/9667209454_9b61a215f7_z.jpg
171	9664067511	47.367141	8.54497	http://farm8.staticflickr.com/7380/9664067511_38070f8fd3_z.jpg
172	9645178671	47.369219	8.541783	http://farm6.staticflickr.com/5499/9645178671_7dd9f4bd5c_z.jpg
173	9638489962	47.370002	8.542883	http://farm6.staticflickr.com/5534/9638489962_c52b257a19_z.jpg
174	9623725960	47.373731	8.5373	http://farm4.staticflickr.com/3813/9623725960_5a1e7afd3b_z.jpg
175	9597826037	47.36932	8.541601	http://farm4.staticflickr.com/3771/9597826037_5b4c80c267_z.jpg
176	9597812691	47.370203	8.543794	http://farm8.staticflickr.com/7410/9597812691_6d9a672c41_z.jpg
177	9587266506	47.37033	8.54388	http://farm4.staticflickr.com/3707/9587266506_ac1ac3d148_z.jpg
178	9585614592	47.370166	8.543666	http://farm3.staticflickr.com/2858/9585614592_a756c66223_z.jpg
179	9585616342	47.370166	8.543666	http://farm4.staticflickr.com/3692/9585616342_992040974a_z.jpg
180	9582825079	47.370333	8.543	http://farm8.staticflickr.com/7406/9582825079_e312dc4168_z.jpg
181	9550760072	47.370272	8.543833	http://farm8.staticflickr.com/7401/9550760072_4605ac2b41_z.jpg
182	9515969253	47.368312	8.544532	http://farm3.staticflickr.com/2849/9515969253_def54f4c59_z.jpg
183	9514083801	47.377058	8.53955	http://farm4.staticflickr.com/3745/9514083801_9d745dc5f7_z.jpg
184	9508600853	47.366422	8.541125	http://farm8.staticflickr.com/7359/9508600853_8454ef1fe8_z.jpg
185	9511393120	47.366422	8.541125	http://farm4.staticflickr.com/3680/9511393120_9c14528801_z.jpg
186	9511395716	47.366422	8.541125	http://farm8.staticflickr.com/7439/9511395716_2e932272a5_z.jpg
187	9502877660	47.366422	8.541125	http://farm8.staticflickr.com/7399/9502877660_91765aa16f_z.jpg
188	9500068485	47.366422	8.541125	http://farm8.staticflickr.com/7346/9500068485_c0f46c5b62_z.jpg
189	9500077167	47.366422	8.541125	http://farm6.staticflickr.com/5459/9500077167_2be5a7c99d_z.jpg
190	9500075953	47.366422	8.541125	http://farm4.staticflickr.com/3778/9500075953_870d67e407_z.jpg
191	9496649119	47.366422	8.541125	http://farm8.staticflickr.com/7347/9496649119_f1593bc3fc_z.jpg
192	9493649809	47.366422	8.541125	http://farm3.staticflickr.com/2846/9493649809_f72507d230_z.jpg
193	9493643781	47.366422	8.541125	http://farm6.staticflickr.com/5522/9493643781_a54285c06e_z.jpg
194	9496448310	47.366422	8.541125	http://farm8.staticflickr.com/7404/9496448310_04aa41005e_z.jpg
195	9495352976	47.366422	8.541125	http://farm3.staticflickr.com/2891/9495352976_1c7c67112f_z.jpg
196	9495353214	47.366422	8.541125	http://farm4.staticflickr.com/3696/9495353214_aefc82a90e_z.jpg
197	9488240123	47.366422	8.541125	http://farm6.staticflickr.com/5459/9488240123_2a29772120_z.jpg
198	9489146472	47.366422	8.541125	http://farm6.staticflickr.com/5543/9489146472_59c7fbe2c6_z.jpg
199	9489143618	47.366422	8.541125	http://farm4.staticflickr.com/3781/9489143618_61fb364688_z.jpg
200	9485883389	47.366422	8.541125	http://farm8.staticflickr.com/7459/9485883389_42d381f95d_z.jpg
201	9486617956	47.373273	8.541902	http://farm6.staticflickr.com/5489/9486617956_3c54a802b5_z.jpg
202	9473295674	47.366763	8.544369	http://farm4.staticflickr.com/3831/9473295674_33f894e61c_z.jpg
203	9462269187	47.36903	8.53953	http://farm3.staticflickr.com/2863/9462269187_047bc2c4f4_z.jpg
204	9463325246	47.3715	8.543833	http://farm8.staticflickr.com/7414/9463325246_a47092aeec_z.jpg
205	9463326576	47.371166	8.541666	http://farm8.staticflickr.com/7291/9463326576_2f04f7b0f8_z.jpg
206	9463328574	47.3735	8.540666	http://farm8.staticflickr.com/7285/9463328574_78a7744954_z.jpg
207	9449986215	47.377371	8.539842	http://farm8.staticflickr.com/7438/9449986215_4de5ddb36c_z.jpg
208	9450892388	47.36903	8.53953	http://farm3.staticflickr.com/2845/9450892388_13a9956cbe_z.jpg
209	9382232667	47.369727	8.541183	http://farm4.staticflickr.com/3676/9382232667_a722cc1bc2_z.jpg
210	9516917988	47.377058	8.53955	http://farm3.staticflickr.com/2881/9516917988_422451fd8a_z.jpg
211	9514120229	47.377058	8.53955	http://farm3.staticflickr.com/2888/9514120229_59349e6b32_z.jpg
212	9516897000	47.377058	8.53955	http://farm6.staticflickr.com/5495/9516897000_4294f7a3d6_z.jpg
213	9514115145	47.377058	8.53955	http://farm6.staticflickr.com/5325/9514115145_1b10b88c31_z.jpg
214	9516877400	47.377058	8.53955	http://farm3.staticflickr.com/2831/9516877400_1461fcb6b9_z.jpg
215	9516879054	47.377058	8.53955	http://farm3.staticflickr.com/2881/9516879054_4713e712f1_z.jpg
216	9426122004	47.366	8.5405	http://farm4.staticflickr.com/3698/9426122004_587c18cb1f_z.jpg
217	9346399308	47.366952	8.543425	http://farm8.staticflickr.com/7286/9346399308_d9e35333d9_z.jpg
218	9343592997	47.366952	8.543425	http://farm6.staticflickr.com/5469/9343592997_5b39c89342_z.jpg
219	9343615781	47.366952	8.543425	http://farm6.staticflickr.com/5538/9343615781_5a6bb0639a_z.jpg
220	9343595177	47.366952	8.543425	http://farm8.staticflickr.com/7297/9343595177_8d2f21e5bb_z.jpg
221	9346378786	47.365796	8.539595	http://farm8.staticflickr.com/7327/9346378786_7b6dec07cd_z.jpg
222	9346383324	47.366952	8.543425	http://farm3.staticflickr.com/2860/9346383324_421763f9fa_z.jpg
223	9346401850	47.366952	8.543425	http://farm6.staticflickr.com/5492/9346401850_401d7c4bed_z.jpg
224	9346397944	47.366952	8.543425	http://farm3.staticflickr.com/2835/9346397944_602ce4f0a9_z.jpg
225	9343591719	47.366952	8.543425	http://farm8.staticflickr.com/7331/9343591719_4929daa49c_z.jpg
226	9343612995	47.366952	8.543425	http://farm4.staticflickr.com/3740/9343612995_cab491ca4e_z.jpg
227	9306674973	47.365367	8.539531	http://farm4.staticflickr.com/3766/9306674973_d165083f41_z.jpg
228	9271909262	47.37041	8.541827	http://farm4.staticflickr.com/3788/9271909262_197ddbef9b_z.jpg
229	9159924283	47.366981	8.543275	http://farm4.staticflickr.com/3670/9159924283_91ab245098_z.jpg
230	9105332395	47.368463	8.53983	http://farm4.staticflickr.com/3744/9105332395_b720c1fa5f_z.jpg
231	9099924500	47.368463	8.53983	http://farm3.staticflickr.com/2869/9099924500_29a88c7e71_z.jpg
232	9092089118	47.368463	8.53983	http://farm4.staticflickr.com/3818/9092089118_7c70a1b3f3_z.jpg
233	9087810060	47.368463	8.53983	http://farm4.staticflickr.com/3781/9087810060_b63b6ecc30_z.jpg
234	9060894174	47.3725	8.546833	http://farm4.staticflickr.com/3740/9060894174_5be0d70f81_z.jpg
235	9057199808	47.373184	8.539403	http://farm8.staticflickr.com/7317/9057199808_952cf544a2_z.jpg
236	9014889600	47.369688	8.538886	http://farm6.staticflickr.com/5327/9014889600_a3f65c76e6_z.jpg
237	9004474350	47.372344	8.542847	http://farm3.staticflickr.com/2864/9004474350_0a18973980_z.jpg
238	9371067806	47.370163	8.544402	http://farm6.staticflickr.com/5495/9371067806_2c4f7d8454_z.jpg
239	9368286083	47.370163	8.544402	http://farm8.staticflickr.com/7339/9368286083_904ec5112f_z.jpg
240	9371058212	47.370091	8.543747	http://farm8.staticflickr.com/7432/9371058212_fb8250d278_z.jpg
241	9371060088	47.370091	8.543747	http://farm6.staticflickr.com/5325/9371060088_d3633df7a0_z.jpg
242	9358864492	47.373636	8.538393	http://farm8.staticflickr.com/7351/9358864492_ddd1db1429_z.jpg
243	9358868610	47.371704	8.542739	http://farm8.staticflickr.com/7355/9358868610_73fc0c1d73_z.jpg
244	9358863868	47.373636	8.538393	http://farm6.staticflickr.com/5326/9358863868_cc23d9403f_z.jpg
245	9355775699	47.366123	8.544734	http://farm6.staticflickr.com/5332/9355775699_fc5e9953df_z.jpg
246	9358548842	47.366225	8.544691	http://farm3.staticflickr.com/2892/9358548842_588123b392_z.jpg
247	9358544756	47.368398	8.547406	http://farm8.staticflickr.com/7344/9358544756_db57e67776_z.jpg
248	9355776799	47.366196	8.544498	http://farm8.staticflickr.com/7390/9355776799_e80fced507_z.jpg
249	9230296670	47.374175	8.53775	http://farm3.staticflickr.com/2807/9230296670_f1b7afd289_z.jpg
250	9230323378	47.374175	8.53775	http://farm3.staticflickr.com/2882/9230323378_e8ded33098_z.jpg
251	9227550275	47.374175	8.53775	http://farm3.staticflickr.com/2860/9227550275_1d39983d34_z.jpg
252	9178010307	47.378108	8.53598	http://farm8.staticflickr.com/7284/9178010307_4802954149_z.jpg
253	9119418841	47.367533	8.545002	http://farm4.staticflickr.com/3722/9119418841_46d0dc0048_z.jpg
254	9068554568	47.366675	8.541011	http://farm8.staticflickr.com/7367/9068554568_aed9abcdfa_z.jpg
255	8998013922	47.364897	8.540338	http://farm4.staticflickr.com/3720/8998013922_0251e0f67a_z.jpg
256	8986438591	47.369688	8.538886	http://farm6.staticflickr.com/5450/8986438591_660c59a3e7_z.jpg
257	8880699459	47.377603	8.533523	http://farm9.staticflickr.com/8120/8880699459_955b53fcc2_z.jpg
258	8832549128	47.370897	8.541483	http://farm9.staticflickr.com/8271/8832549128_431f5d9c93_z.jpg
259	8813146481	47.371208	8.5429	http://farm6.staticflickr.com/5345/8813146481_5571abfce3_z.jpg
260	8755407880	47.36745	8.540619	http://farm9.staticflickr.com/8400/8755407880_bdb624edfe_z.jpg
261	8749863151	47.371808	8.542894	http://farm4.staticflickr.com/3792/8749863151_46723d1802_z.jpg
262	8728065875	47.370018	8.535475	http://farm8.staticflickr.com/7371/8728065875_da61f76b73_z.jpg
263	8708780562	47.3705	8.544	http://farm9.staticflickr.com/8273/8708780562_35e8ff306d_z.jpg
264	8704339741	47.374152	8.544369	http://farm9.staticflickr.com/8536/8704339741_b90fc65548_z.jpg
265	8703225176	47.374152	8.544369	http://farm9.staticflickr.com/8419/8703225176_b3335f86ee_z.jpg
266	8702571694	47.373333	8.541269	http://farm9.staticflickr.com/8273/8702571694_5ff2aa25ef_z.jpg
267	8698787173	47.369001	8.543447	http://farm9.staticflickr.com/8414/8698787173_8f72a7d11f_z.jpg
268	8699904738	47.369001	8.543447	http://farm9.staticflickr.com/8397/8699904738_c8d7ded0bc_z.jpg
269	8688806183	47.373333	8.541269	http://farm8.staticflickr.com/7049/8688806183_b1f297525d_z.jpg
270	8687760611	47.3705	8.543	http://farm8.staticflickr.com/7049/8687760611_c533b5b052_z.jpg
271	8687759923	47.369333	8.543166	http://farm8.staticflickr.com/7056/8687759923_114575bb88_z.jpg
272	8687759359	47.370833	8.542666	http://farm8.staticflickr.com/7049/8687759359_0d2dd1e103_z.jpg
273	8685419379	47.37291	8.537825	http://farm9.staticflickr.com/8399/8685419379_afd7eaed40_z.jpg
274	8679158022	47.37291	8.537825	http://farm9.staticflickr.com/8381/8679158022_2fdd59e12f_z.jpg
275	8679157748	47.37291	8.537825	http://farm9.staticflickr.com/8545/8679157748_197bbe5c38_z.jpg
276	8672568820	47.369907	8.544571	http://farm9.staticflickr.com/8522/8672568820_09bf1afb5f_z.jpg
277	8663885082	47.37234	8.538265	http://farm9.staticflickr.com/8263/8663885082_c54fc57587_z.jpg
278	8657667577	47.368336	8.536208	http://farm9.staticflickr.com/8120/8657667577_293d2ea220_z.jpg
279	8651614407	47.37185	8.537236	http://farm9.staticflickr.com/8401/8651614407_20ea363f2b_z.jpg
280	8650424093	47.373586	8.539269	http://farm9.staticflickr.com/8380/8650424093_f293620548_z.jpg
281	8986026100	47.366833	8.5425	http://farm8.staticflickr.com/7327/8986026100_98787e382e_z.jpg
282	8956291677	47.373411	8.531566	http://farm6.staticflickr.com/5441/8956291677_49c0a27b9b_z.jpg
283	8934573904	47.373411	8.531566	http://farm9.staticflickr.com/8134/8934573904_63179f8fc9_z.jpg
284	8925978873	47.377603	8.533523	http://farm8.staticflickr.com/7287/8925978873_d337ce80dd_z.jpg
285	8925976931	47.377603	8.533523	http://farm8.staticflickr.com/7317/8925976931_ba2fc41ccd_z.jpg
286	8922579799	47.3785	8.536	http://farm3.staticflickr.com/2836/8922579799_eb9d6f103f_z.jpg
287	8853287682	47.371806	8.53613	http://farm8.staticflickr.com/7393/8853287682_d23a69fd37_z.jpg
288	8852645413	47.371806	8.53613	http://farm4.staticflickr.com/3749/8852645413_8352d2cd17_z.jpg
289	8842832079	47.368647	8.539183	http://farm6.staticflickr.com/5335/8842832079_6a734f4ef2_z.jpg
290	8843359528	47.368647	8.539183	http://farm6.staticflickr.com/5327/8843359528_b1407af536_z.jpg
291	8843237604	47.368647	8.539183	http://farm9.staticflickr.com/8261/8843237604_b84c7041f9_z.jpg
292	8842664207	47.368647	8.539183	http://farm4.staticflickr.com/3682/8842664207_d94186d5b4_z.jpg
293	8843314076	47.368647	8.539183	http://farm4.staticflickr.com/3830/8843314076_6a2df4a367_z.jpg
294	8843400500	47.368647	8.539183	http://farm3.staticflickr.com/2827/8843400500_7c253eb527_z.jpg
295	8842722787	47.368647	8.539183	http://farm9.staticflickr.com/8556/8842722787_ce5f6ac250_z.jpg
296	8792940604	47.369557	8.53157	http://farm6.staticflickr.com/5470/8792940604_c2ca20c9c3_z.jpg
297	8741622203	47.376703	8.546032	http://farm8.staticflickr.com/7282/8741622203_cbaf3f0e52_z.jpg
298	8740090363	47.376195	8.546765	http://farm8.staticflickr.com/7282/8740090363_5eaf7b14c0_z.jpg
299	8700332682	47.374428	8.539305	http://farm9.staticflickr.com/8275/8700332682_9d58c8ba45_z.jpg
300	8688913912	47.376	8.5415	http://farm8.staticflickr.com/7050/8688913912_fa4e82a767_z.jpg
301	8688925220	47.378	8.537333	http://farm8.staticflickr.com/7056/8688925220_4628c9dd8c_z.jpg
302	8688913166	47.376166	8.541166	http://farm8.staticflickr.com/7046/8688913166_91974443c2_z.jpg
303	8676416545	47.366116	8.545866	http://farm9.staticflickr.com/8525/8676416545_8fc14bed0e_z.jpg
304	8672976674	47.366116	8.545866	http://farm9.staticflickr.com/8524/8672976674_120b174589_z.jpg
305	8663885220	47.375794	8.53923	http://farm9.staticflickr.com/8256/8663885220_683a8f505b_z.jpg
306	8660542078	47.374602	8.548781	http://farm9.staticflickr.com/8105/8660542078_cd7399daec_z.jpg
307	8654154923	47.374001	8.529834	http://farm9.staticflickr.com/8104/8654154923_5e84b215c1_z.jpg
308	8626431016	47.365949	8.544884	http://farm9.staticflickr.com/8112/8626431016_9fe304bc24_z.jpg
309	8548551449	47.371961	8.538397	http://farm9.staticflickr.com/8104/8548551449_158da9d1e4_z.jpg
310	8549616938	47.372866	8.540805	http://farm9.staticflickr.com/8505/8549616938_b9122c68eb_z.jpg
311	8549646072	47.37158	8.538363	http://farm9.staticflickr.com/8087/8549646072_3d14413998_z.jpg
312	8521649356	47.3695	8.542	http://farm9.staticflickr.com/8099/8521649356_a19226c9b2_z.jpg
313	8521647750	47.369166	8.5425	http://farm9.staticflickr.com/8104/8521647750_71489d4b5c_z.jpg
314	8520538013	47.3715	8.541	http://farm9.staticflickr.com/8522/8520538013_66dee35d94_z.jpg
315	8521637484	47.37	8.541666	http://farm9.staticflickr.com/8243/8521637484_5ccb8a0c4d_z.jpg
316	8520523455	47.370166	8.541333	http://farm9.staticflickr.com/8096/8520523455_143a6aceea_z.jpg
317	8520523893	47.37	8.541333	http://farm9.staticflickr.com/8226/8520523893_f0096bd47b_z.jpg
318	8520529083	47.370333	8.541833	http://farm9.staticflickr.com/8391/8520529083_d87ca098f2_z.jpg
319	8520523083	47.370166	8.541	http://farm9.staticflickr.com/8100/8520523083_afcf315829_z.jpg
320	8519942483	47.371333	8.54	http://farm9.staticflickr.com/8226/8519942483_5b8d63910e_z.jpg
321	8518994094	47.372	8.5395	http://farm9.staticflickr.com/8386/8518994094_c7f589b26e_z.jpg
322	8517644687	47.369333	8.54	http://farm9.staticflickr.com/8392/8517644687_0cea752cbb_z.jpg
323	8518753858	47.372166	8.538166	http://farm9.staticflickr.com/8229/8518753858_a1894eb8f8_z.jpg
324	8643260948	47.376754	8.537948	http://farm9.staticflickr.com/8521/8643260948_c99bcd274c_z.jpg
325	8625320991	47.365949	8.544884	http://farm9.staticflickr.com/8397/8625320991_c7890824d6_z.jpg
326	8606835564	47.378127	8.53908	http://farm9.staticflickr.com/8243/8606835564_9c3d4407f3_z.jpg
327	8603035876	47.378166	8.535666	http://farm9.staticflickr.com/8520/8603035876_d0d979a194_z.jpg
328	8601942778	47.3735	8.531166	http://farm9.staticflickr.com/8245/8601942778_9f147b3b23_z.jpg
329	8592450805	47.378141	8.54187	http://farm9.staticflickr.com/8389/8592450805_ec6c571381_z.jpg
330	8589213830	47.376666	8.543166	http://farm9.staticflickr.com/8101/8589213830_2d4d7874f6_z.jpg
331	8586180340	47.375833	8.539333	http://farm9.staticflickr.com/8234/8586180340_782c634e9b_z.jpg
332	8567695949	47.376299	8.535447	http://farm9.staticflickr.com/8377/8567695949_9c21e314a0_z.jpg
333	8549806244	47.366305	8.541993	http://farm9.staticflickr.com/8252/8549806244_f3c95eae5d_z.jpg
334	8548534779	47.366563	8.541994	http://farm9.staticflickr.com/8384/8548534779_25461d5a77_z.jpg
335	8548523757	47.376341	8.547675	http://farm9.staticflickr.com/8249/8548523757_cd55692db7_z.jpg
336	8542367055	47.373166	8.536666	http://farm9.staticflickr.com/8089/8542367055_aa6aa7ecfc_z.jpg
337	8517635069	47.375333	8.539	http://farm9.staticflickr.com/8096/8517635069_566fa22b00_z.jpg
338	8517637935	47.374166	8.538666	http://farm9.staticflickr.com/8508/8517637935_c0973917bf_z.jpg
339	8517638367	47.374166	8.538666	http://farm9.staticflickr.com/8372/8517638367_bfbea727fa_z.jpg
340	8517639403	47.373333	8.538166	http://farm9.staticflickr.com/8110/8517639403_a749a1ff76_z.jpg
341	8518746742	47.375666	8.539166	http://farm9.staticflickr.com/8239/8518746742_d8f6c24a7b_z.jpg
342	8490626521	47.371428	8.538651	http://farm9.staticflickr.com/8229/8490626521_e8089c9790_z.jpg
343	8479129134	47.371622	8.540513	http://farm9.staticflickr.com/8088/8479129134_36aba0b45a_z.jpg
344	8478590374	47.366952	8.543382	http://farm9.staticflickr.com/8103/8478590374_761cdea827_z.jpg
345	8465223519	47.371532	8.544226	http://farm9.staticflickr.com/8388/8465223519_da4f30908d_z.jpg
346	8434211457	47.371666	8.541833	http://farm9.staticflickr.com/8238/8434211457_6e9f19862a_z.jpg
347	8443866403	47.369611	8.539659	http://farm9.staticflickr.com/8190/8443866403_114ececdf5_z.jpg
348	8422574766	47.37006	8.541888	http://farm9.staticflickr.com/8053/8422574766_de475b2c7a_z.jpg
349	8421459131	47.37006	8.541888	http://farm9.staticflickr.com/8217/8421459131_92c0ed2458_z.jpg
350	8421460635	47.372905	8.541346	http://farm9.staticflickr.com/8501/8421460635_2c52cdf3c1_z.jpg
351	8420320005	47.370732	8.541842	http://farm9.staticflickr.com/8232/8420320005_786bf8ec23_z.jpg
352	8401996819	47.369333	8.539833	http://farm9.staticflickr.com/8498/8401996819_cdc121de09_z.jpg
353	8354451459	47.3776	8.534386	http://farm9.staticflickr.com/8086/8354451459_bd7222f471_z.jpg
354	8354450821	47.3776	8.534386	http://farm9.staticflickr.com/8074/8354450821_d69aac6265_z.jpg
355	8354450107	47.3776	8.534386	http://farm9.staticflickr.com/8324/8354450107_4e1f1303b8_z.jpg
356	8329964073	47.378613	8.540952	http://farm9.staticflickr.com/8500/8329964073_4129fe3522_z.jpg
357	8490623553	47.36964	8.53893	http://farm9.staticflickr.com/8505/8490623553_756a1520ef_z.jpg
358	8474912232	47.366966	8.543072	http://farm9.staticflickr.com/8091/8474912232_b56ea5bbd4_z.jpg
359	8433726392	47.378127	8.53908	http://farm9.staticflickr.com/8362/8433726392_5189647d57_z.jpg
360	8430426545	47.373288	8.532546	http://farm9.staticflickr.com/8334/8430426545_e02629acb2_z.jpg
361	8431469502	47.37631	8.535808	http://farm9.staticflickr.com/8234/8431469502_2981d472f0_z.jpg
362	8431477242	47.376325	8.535701	http://farm9.staticflickr.com/8326/8431477242_51ddbaf36c_z.jpg
363	8430383297	47.376339	8.535808	http://farm9.staticflickr.com/8218/8430383297_030fb768d7_z.jpg
364	8427737743	47.370583	8.548516	http://farm9.staticflickr.com/8331/8427737743_cef5701bcc_z.jpg
365	8416770557	47.374261	8.5385	http://farm9.staticflickr.com/8365/8416770557_b892f4c797_z.jpg
366	8401502439	47.37041	8.548886	http://farm9.staticflickr.com/8226/8401502439_acd6b0ce59_z.jpg
367	8383733945	47.377933	8.54058	http://farm9.staticflickr.com/8500/8383733945_2817f146dd_z.jpg
368	8384816930	47.376	8.546472	http://farm9.staticflickr.com/8211/8384816930_88045c43be_z.jpg
369	8359959331	47.376333	8.5435	http://farm9.staticflickr.com/8211/8359959331_5b47379747_z.jpg
370	8301499667	47.37654	8.540121	http://farm9.staticflickr.com/8077/8301499667_376fcc3452_z.jpg
371	8296697945	47.373666	8.530166	http://farm9.staticflickr.com/8362/8296697945_943821b502_z.jpg
372	8281281669	47.369961	8.5426	http://farm9.staticflickr.com/8362/8281281669_cf6de4698c_z.jpg
373	8269211582	47.367068	8.545045	http://farm9.staticflickr.com/8070/8269211582_5be6809f5d_z.jpg
374	8147333664	47.378127	8.53908	http://farm9.staticflickr.com/8331/8147333664_c02d4bbc01_z.jpg
375	8269225069	47.369977	8.542177	http://farm9.staticflickr.com/8491/8269225069_d348c6c159_z.jpg
376	8269225665	47.369977	8.542177	http://farm9.staticflickr.com/8210/8269225665_e284a00b3d_z.jpg
377	8269223513	47.369977	8.542177	http://farm9.staticflickr.com/8503/8269223513_2b15aeabf7_z.jpg
378	8269226531	47.370036	8.542291	http://farm9.staticflickr.com/8355/8269226531_ea94b65822_z.jpg
379	8256395883	47.373188	8.544327	http://farm9.staticflickr.com/8495/8256395883_38e5ff94ca_z.jpg
380	8253955695	47.377075	8.539541	http://farm9.staticflickr.com/8204/8253955695_224390a2a3_z.jpg
381	8221637112	47.368589	8.547527	http://farm9.staticflickr.com/8343/8221637112_1162874725_z.jpg
382	8214455590	47.377748	8.535162	http://farm9.staticflickr.com/8198/8214455590_bcdb1e1d25_z.jpg
383	8197325250	47.3655	8.536	http://farm9.staticflickr.com/8485/8197325250_4f86ba7879_z.jpg
384	8197203116	47.377229	8.539348	http://farm9.staticflickr.com/8348/8197203116_d665bb62bb_z.jpg
385	8191696598	47.371856	8.534917	http://farm9.staticflickr.com/8210/8191696598_fa6742eed0_z.jpg
386	8191696858	47.371856	8.534917	http://farm9.staticflickr.com/8340/8191696858_3a070ea52f_z.jpg
387	8191361690	47.378141	8.54187	http://farm9.staticflickr.com/8346/8191361690_88e4d52a02_z.jpg
388	8181391156	47.372684	8.529737	http://farm9.staticflickr.com/8065/8181391156_5fa7650728_z.jpg
389	8181350013	47.372684	8.529737	http://farm9.staticflickr.com/8337/8181350013_0514c7cf6d_z.jpg
390	8181384784	47.372684	8.529737	http://farm9.staticflickr.com/8059/8181384784_94f6290891_z.jpg
391	8181386364	47.372684	8.529737	http://farm9.staticflickr.com/8198/8181386364_d3e1f2d93b_z.jpg
392	8181385334	47.372684	8.529737	http://farm9.staticflickr.com/8489/8181385334_bccf7606a9_z.jpg
393	8171521000	47.369727	8.541183	http://farm9.staticflickr.com/8490/8171521000_ef95aa1031_z.jpg
394	8145443609	47.369922	8.542458	http://farm9.staticflickr.com/8044/8145443609_96bfd9df7a_z.jpg
395	8145443987	47.369927	8.542536	http://farm9.staticflickr.com/8331/8145443987_ac0ab98a9f_z.jpg
396	8145470294	47.369918	8.542477	http://farm9.staticflickr.com/8335/8145470294_b025e0c95a_z.jpg
397	8145467098	47.369918	8.542477	http://farm9.staticflickr.com/8051/8145467098_b9d478e116_z.jpg
398	8145419591	47.369985	8.54258	http://farm9.staticflickr.com/8046/8145419591_947140f838_z.jpg
399	8145448992	47.369985	8.542582	http://farm9.staticflickr.com/8187/8145448992_f8ffd93539_z.jpg
400	8145416493	47.366935	8.54294	http://farm9.staticflickr.com/8044/8145416493_85ffd1b44a_z.jpg
401	8145414055	47.366887	8.542912	http://farm9.staticflickr.com/8046/8145414055_01f649045f_z.jpg
402	8145406673	47.366895	8.543012	http://farm9.staticflickr.com/8044/8145406673_bb7e3d27a0_z.jpg
403	8145454934	47.370082	8.542503	http://farm9.staticflickr.com/8047/8145454934_a39715b9c8_z.jpg
404	8145459070	47.370488	8.541905	http://farm9.staticflickr.com/8048/8145459070_d0599e46b2_z.jpg
405	8145446410	47.366887	8.54304	http://farm9.staticflickr.com/8186/8145446410_9b734f9700_z.jpg
406	8145450596	47.37002	8.542615	http://farm9.staticflickr.com/8324/8145450596_0021c42f43_z.jpg
407	8145423635	47.37001	8.542625	http://farm9.staticflickr.com/8194/8145423635_94d62a6524_z.jpg
408	8088980624	47.373789	8.544756	http://farm9.staticflickr.com/8051/8088980624_b515df04f0_z.jpg
409	8051183714	47.374973	8.538651	http://farm9.staticflickr.com/8176/8051183714_e650c4dee0_z.jpg
410	8145433356	47.367057	8.542878	http://farm9.staticflickr.com/8047/8145433356_f1cec152c9_z.jpg
411	8095994123	47.378333	8.543333	http://farm9.staticflickr.com/8184/8095994123_94dee400a5_z.jpg
412	8072314691	47.371833	8.5305	http://farm9.staticflickr.com/8173/8072314691_dbc1d78fb8_z.jpg
413	8067155964	47.370166	8.5295	http://farm9.staticflickr.com/8449/8067155964_7398971b0c_z.jpg
414	8036000442	47.374166	8.538166	http://farm9.staticflickr.com/8036/8036000442_2dc767001f_z.jpg
415	8036000287	47.3755	8.538333	http://farm9.staticflickr.com/8454/8036000287_ed5f96f43f_z.jpg
416	8036000767	47.3785	8.539333	http://farm9.staticflickr.com/8319/8036000767_552da0e52b_z.jpg
417	8035994537	47.372166	8.540666	http://farm9.staticflickr.com/8172/8035994537_d8e50d7d40_z.jpg
418	8035983673	47.369	8.5435	http://farm9.staticflickr.com/8449/8035983673_d41083619b_z.jpg
419	8035974021	47.366833	8.544166	http://farm9.staticflickr.com/8031/8035974021_1f043380fc_z.jpg
420	8035984370	47.3685	8.543666	http://farm9.staticflickr.com/8452/8035984370_a83e063c90_z.jpg
421	8035973629	47.366833	8.544166	http://farm9.staticflickr.com/8170/8035973629_429a011cd5_z.jpg
422	8035986241	47.3705	8.543	http://farm9.staticflickr.com/8180/8035986241_dc29fa1c28_z.jpg
423	8035973249	47.366833	8.544166	http://farm9.staticflickr.com/8036/8035973249_7f20b72f96_z.jpg
424	8035975906	47.366666	8.544333	http://farm9.staticflickr.com/8453/8035975906_59a0846879_z.jpg
425	8035868578	47.369	8.536999	http://farm9.staticflickr.com/8179/8035868578_b8eb26544d_z.jpg
426	8035874176	47.367	8.538833	http://farm9.staticflickr.com/8452/8035874176_ba30cfb04c_z.jpg
427	8035862939	47.371333	8.533	http://farm9.staticflickr.com/8456/8035862939_a94b1df1c1_z.jpg
428	8035873294	47.367833	8.538333	http://farm9.staticflickr.com/8035/8035873294_27d1854860_z.jpg
429	8035867326	47.3695	8.534833	http://farm9.staticflickr.com/8458/8035867326_8e2e18400a_z.jpg
430	8035864082	47.371666	8.5335	http://farm9.staticflickr.com/8315/8035864082_977ee6e3ef_z.jpg
431	8035872265	47.3675	8.538333	http://farm9.staticflickr.com/8030/8035872265_97f3b5ac2d_z.jpg
432	8019829524	47.378076	8.539713	http://farm9.staticflickr.com/8437/8019829524_5cd9cfd9c2_z.jpg
433	8019607865	47.370243	8.540078	http://farm9.staticflickr.com/8036/8019607865_bf7c3eca25_z.jpg
434	8019606730	47.367279	8.54158	http://farm9.staticflickr.com/8295/8019606730_0fef17e55c_z.jpg
435	8019611513	47.371101	8.53879	http://farm9.staticflickr.com/8462/8019611513_66158dea0e_z.jpg
436	8019624002	47.372961	8.541752	http://farm9.staticflickr.com/8170/8019624002_b5306a9b50_z.jpg
437	8019599031	47.366101	8.544734	http://farm9.staticflickr.com/8450/8019599031_ea8088fd16_z.jpg
438	8019585735	47.37158	8.544455	http://farm9.staticflickr.com/8030/8019585735_7b0b2f9459_z.jpg
439	8019597356	47.369938	8.542524	http://farm9.staticflickr.com/8295/8019597356_c37f32e0d6_z.jpg
440	8019589675	47.370505	8.543189	http://farm9.staticflickr.com/8448/8019589675_9a7e594ea5_z.jpg
441	8015675775	47.371813	8.542098	http://farm9.staticflickr.com/8302/8015675775_43e75c451d_z.jpg
442	8008492121	47.369081	8.544105	http://farm9.staticflickr.com/8309/8008492121_49e07963fe_z.jpg
443	7930903778	47.370272	8.544048	http://farm9.staticflickr.com/8302/7930903778_5f3ce81087_z.jpg
444	7693651000	47.373413	8.539375	http://farm9.staticflickr.com/8285/7693651000_222cee1cca_z.jpg
445	7583738870	47.372166	8.539166	http://farm9.staticflickr.com/8008/7583738870_e0a586bf46_z.jpg
446	7989540807	47.370188	8.541105	http://farm9.staticflickr.com/8455/7989540807_302b1b5182_z.jpg
447	7989541251	47.370044	8.54155	http://farm9.staticflickr.com/8309/7989541251_3e64ace007_z.jpg
448	7986275497	47.368332	8.544842	http://farm9.staticflickr.com/8458/7986275497_81dc7bbee9_z.jpg
449	7965743300	47.370064	8.543087	http://farm9.staticflickr.com/8310/7965743300_01120b0341_z.jpg
450	7950315048	47.370563	8.546676	http://farm9.staticflickr.com/8297/7950315048_454d5aa94b_z.jpg
451	7911891918	47.375947	8.547105	http://farm9.staticflickr.com/8297/7911891918_aee0220575_z.jpg
452	7911457026	47.370018	8.543457	http://farm9.staticflickr.com/8170/7911457026_e43259bb19_z.jpg
453	7878507124	47.373175	8.537557	http://farm9.staticflickr.com/8287/7878507124_69f56b8f9f_z.jpg
454	7840526380	47.3698	8.540968	http://farm9.staticflickr.com/8300/7840526380_c423a8a5b9_z.jpg
455	7840570384	47.369858	8.540754	http://farm9.staticflickr.com/8447/7840570384_1310d4526c_z.jpg
456	7840428976	47.370338	8.543897	http://farm9.staticflickr.com/8297/7840428976_f6f02ed169_z.jpg
457	7840470546	47.376717	8.543264	http://farm9.staticflickr.com/8446/7840470546_fe7979353b_z.jpg
458	7810876292	47.376717	8.539831	http://farm9.staticflickr.com/8427/7810876292_3033bcc763_z.jpg
459	7810868854	47.36499	8.538737	http://farm9.staticflickr.com/8287/7810868854_2d99a6edee_z.jpg
460	7810874312	47.376732	8.543372	http://farm9.staticflickr.com/8295/7810874312_68358fbc45_z.jpg
461	7797504166	47.366116	8.545866	http://farm9.staticflickr.com/8295/7797504166_ee05d86786_z.jpg
462	7772767086	47.367038	8.5451	http://farm9.staticflickr.com/8287/7772767086_4c38e12c13_z.jpg
463	7772749640	47.368589	8.537154	http://farm9.staticflickr.com/8304/7772749640_2c627c0723_z.jpg
464	7772749026	47.366027	8.54014	http://farm9.staticflickr.com/8436/7772749026_55f5a51bf8_z.jpg
465	7759786892	47.37281	8.542746	http://farm9.staticflickr.com/8287/7759786892_376f5b6db7_z.jpg
466	7759799102	47.373039	8.542853	http://farm9.staticflickr.com/8448/7759799102_33fb9ff185_z.jpg
467	7759753460	47.37226	8.542707	http://farm9.staticflickr.com/8426/7759753460_29a138ef69_z.jpg
468	7759716412	47.367095	8.543827	http://farm8.staticflickr.com/7124/7759716412_d7bc7f1a89_z.jpg
469	7732081262	47.366414	8.545759	http://farm9.staticflickr.com/8422/7732081262_f26d1313a7_z.jpg
470	7712175556	47.369333	8.5395	http://farm8.staticflickr.com/7267/7712175556_fb0e0947e0_z.jpg
471	7705882750	47.374328	8.542574	http://farm8.staticflickr.com/7107/7705882750_ab1bd6be18_z.jpg
472	7693653950	47.373413	8.539375	http://farm8.staticflickr.com/7116/7693653950_35b75c968f_z.jpg
473	7628922216	47.37315	8.536829	http://farm9.staticflickr.com/8148/7628922216_eec9158405_z.jpg
474	7583725352	47.371859	8.535097	http://farm8.staticflickr.com/7115/7583725352_67e6cd5e26_z.jpg
475	7536272876	47.376245	8.532364	http://farm9.staticflickr.com/8159/7536272876_2b2cfd960d_z.jpg
476	7516310762	47.374611	8.540003	http://farm8.staticflickr.com/7271/7516310762_a3feb5e811_z.jpg
477	7477806862	47.373121	8.540325	http://farm9.staticflickr.com/8154/7477806862_d39e24153f_z.jpg
478	7465335700	47.377662	8.540314	http://farm8.staticflickr.com/7109/7465335700_9bc85f8d8f_z.jpg
479	7410399958	47.373161	8.542658	http://farm9.staticflickr.com/8166/7410399958_211766e939_z.jpg
480	7396603864	47.374497	8.534727	http://farm6.staticflickr.com/5155/7396603864_165d470bee_z.jpg
481	7396603382	47.374497	8.534727	http://farm6.staticflickr.com/5442/7396603382_bbf59b9341_z.jpg
482	7336755582	47.376663	8.544344	http://farm9.staticflickr.com/8022/7336755582_50a2ae6f0e_z.jpg
483	7316364322	47.370388	8.540561	http://farm9.staticflickr.com/8155/7316364322_c1a1bd7708_z.jpg
484	7316351768	47.377866	8.541175	http://farm8.staticflickr.com/7240/7316351768_1eb3538d55_z.jpg
485	7316375904	47.372455	8.543177	http://farm9.staticflickr.com/8143/7316375904_296f83988a_z.jpg
486	7183468072	47.371166	8.530666	http://farm9.staticflickr.com/8166/7183468072_b089823396_z.jpg
487	6956117778	47.378206	8.539381	http://farm9.staticflickr.com/8027/6956117778_ea552cd281_z.jpg
488	7015637571	47.372316	8.540591	http://farm7.staticflickr.com/6212/7015637571_3b6178f252_z.jpg
489	6933339329	47.374439	8.539928	http://farm8.staticflickr.com/7178/6933339329_96c8f4f5e5_z.jpg
490	6786802488	47.370055	8.540663	http://farm8.staticflickr.com/7178/6786802488_3cca8c0a86_z.jpg
491	6917870215	47.378571	8.53766	http://farm8.staticflickr.com/7194/6917870215_23831fcaec_z.jpg
492	6917872265	47.378571	8.53766	http://farm8.staticflickr.com/7039/6917872265_3944997d02_z.jpg
493	7229548820	47.377291	8.536677	http://farm8.staticflickr.com/7216/7229548820_54f2435824_z.jpg
494	7204783952	47.373277	8.531729	http://farm8.staticflickr.com/7244/7204783952_7b7e8de553_z.jpg
495	7201534906	47.378088	8.540291	http://farm8.staticflickr.com/7080/7201534906_0a2f105984_z.jpg
496	7201536074	47.378222	8.540038	http://farm8.staticflickr.com/7074/7201536074_d2c1f960d6_z.jpg
497	7201547900	47.37715	8.539733	http://farm8.staticflickr.com/7218/7201547900_7b28881ed0_z.jpg
498	7099811253	47.378759	8.540303	http://farm8.staticflickr.com/7065/7099811253_b3f3e6520c_z.jpg
499	6942148880	47.366116	8.545866	http://farm6.staticflickr.com/5442/6942148880_070c31d203_z.jpg
